"","record_id","collection","project_id","protocol_id","protocol_type","species_id","statprov_code","country_code","SiteCode","latitude","longitude","bcr","subnational2_code","iba_site","utm_square","survey_year","survey_month","survey_week","survey_day","breeding_rank","GlobalUniqueIdentifier","DateLastModified","BasisOfRecord","InstitutionCode","CollectionCode","CatalogNumber","ScientificName","HigherTaxon","Kingdom","Phylum","Class","OrderTaxon","Family","Genus","SpecificEpithet","InfraspecificRank","InfraspecificEpithet","ScientificNameAuthor","IdentificationQualifier","HigherGeography","Continent","WaterBody","IslandGroup","Island","Country","StateProvince","County","Locality","MinimumElevationInMeters","MaximumElevationInMeters","MinimumDepthInMeters","MaximumDepthInMeters","DecimalLatitude","DecimalLongitude","GeodeticDatum","CoordinateUncertaintyInMeters","YearCollected","MonthCollected","DayCollected","TimeCollected","JulianDay","Collector","Sex","LifeStage","ImageURL","RelatedInformation","CollectorNumber","FieldNumber","FieldNotes","OriginalCoordinatesSystem","LatLongComments","GeoreferenceMethod","GeoreferenceReferences","GeoreferenceVerificationStatus","Remarks","FootprintWKT","FootprintSRS","ProjectCode","ProtocolType","ProtocolCode","ProtocolSpeciesTargeted","ProtocolReference","ProtocolURL","SurveyAreaIdentifier","SurveyAreaSize","SurveyAreaPercentageCovered","SurveyAreaShape","SurveyAreaLongAxisLength","SurveyAreaShortAxisLength","SurveyAreaLongAxisOrientation","CoordinatesScope","SamplingEventIdentifier","SamplingEventStructure","RouteIdentifier","TimeObservationsStarted","TimeObservationsEnded","DurationInHours","TimeIntervalStarted","TimeIntervalEnded","TimeIntervalsAdditive","NumberOfObservers","EffortMeasurement1","EffortUnits1","EffortMeasurement2","EffortUnits2","EffortMeasurement3","EffortUnits3","EffortMeasurement4","EffortUnits4","EffortMeasurement5","EffortUnits5","EffortMeasurement6","EffortUnits6","EffortMeasurement7","EffortUnits7","EffortMeasurement8","EffortUnits8","EffortMeasurement9","EffortUnits9","EffortMeasurement10","EffortUnits10","EffortMeasurement11","EffortUnits11","EffortMeasurement12","EffortUnits12","EffortMeasurement13","EffortUnits13","EffortMeasurement14","EffortUnits14","EffortMeasurement15","EffortUnits15","EffortMeasurement16","EffortUnits16","EffortMeasurement17","EffortUnits17","EffortMeasurement18","EffortUnits18","NoObservations","DistanceFromObserver","DistanceFromObserverMin","DistanceFromObserverMax","DistanceFromStart","BearingInDegrees","SpecimenDecimalLatitude","SpecimenDecimalLongitude","SpecimenGeodeticDatum","SpecimenUTMZone","SpecimenUTMNorthing","SpecimenUTMEasting","ObservationCount","ObservationDescriptor","ObservationCount2","ObservationDescriptor2","ObservationCount3","ObservationDescriptor3","ObservationCount4","ObservationDescriptor4","ObservationCount5","ObservationDescriptor5","ObservationCount6","ObservationDescriptor6","ObsCountAtLeast","ObsCountAtMost","ObservationDate","DateUncertaintyInDays","AllIndividualsReported","AllSpeciesReported","UTMZone","UTMNorthing","UTMEasting","CoordinatesUncertaintyInDecimalDegrees","CommonName","RecordPermissions","MultiScientificName1","MultiScientificName2","MultiScientificName3","MultiScientificName4","MultiScientificName5","MultiScientificName6","TaxonomicAuthorityAuthors","TaxonomicAuthorityVersion","TaxonomicAuthorityYear","SpeciesCode","TaxonConceptID","BreedingBirdAtlasCode","HabitatDescription","Remarks2","LastModifiedAction","RecordReviewStatus","year","month"
"1",968198009,"BCMA",1008,NA,3,420,"BC","CA","22-5",48.674149,-123.393333,NA,NA,NA,"10TDU79",2009,2,1,4,NA,"URN:catalog:BSC-EOC:BCMA:27-AMWI-304",NA,"Observation","BSC-EOC","BCMA","27-AMWI","Mareca americana","AnimaliaChordataAvesAnseriformes8","Animalia","Chordata","Aves","Anseriformes","8","Anas","americana",NA,NA,NA,NA,"NorthAmericaCanadaBritishColumbia","North America",NA,NA,NA,"Canada","British Columbia",NA,"Goudge - Coal - Dock Islands",NA,NA,NA,NA,"48.6741","-123.393",NA,NA,"2009","2","4","9.7",NA,NA,NA,NA,NA,NA,NA,NA,NA,NA,NA,NA,NA,NA,NA,NA,NA,"BCCWS","Transect","BCMA","Seabirds","Bird Studies Canada, 2008","http://www.bsc-eoc.org/volunteer/bccws/index.jsp","22-5",NA,NA,"Variable",NA,NA,NA,"Waypoint","BCMA-27","SurveyID",NA,"9.7","10.0833","0.383333",NA,NA,NA,NA,NA,NA,NA,NA,NA,NA,NA,NA,NA,NA,NA,NA,NA,NA,NA,NA,NA,NA,NA,NA,NA,NA,NA,NA,NA,NA,NA,NA,NA,NA,NA,NA,NA,NA,NA,NA,NA,NA,NA,NA,NA,NA,NA,NA,NA,NA,NA,NA,"3","Total count",NA,"Port section",NA,"Central section","3","Board section",NA,"Rocks",NA,NA,NA,NA,NA,NA,"Yes","Yes",NA,NA,NA,NA,"American Wigeon",NA,NA,NA,NA,NA,NA,NA,"AOU","7.48","2007","AMWI",NA,NA,NA,NA,NA,NA,2009,2
"2",968198010,"BCMA",1008,NA,3,420,"BC","CA","22-17",48.681965,-123.387817,NA,NA,NA,"10TDU79",2009,2,1,4,NA,"URN:catalog:BSC-EOC:BCMA:27-AMWI-342",NA,"Observation","BSC-EOC","BCMA","27-AMWI","Mareca americana","AnimaliaChordataAvesAnseriformes8","Animalia","Chordata","Aves","Anseriformes","8","Anas","americana",NA,NA,NA,NA,"NorthAmericaCanadaBritishColumbia","North America",NA,NA,NA,"Canada","British Columbia",NA,"Goudge - Coal - Dock Islands",NA,NA,NA,NA,"48.682","-123.388",NA,NA,"2009","2","4","9.7",NA,NA,NA,NA,NA,NA,NA,NA,NA,NA,NA,NA,NA,NA,NA,NA,NA,"BCCWS","Transect","BCMA","Seabirds","Bird Studies Canada, 2008","http://www.bsc-eoc.org/volunteer/bccws/index.jsp","22-17",NA,NA,"Variable",NA,NA,NA,"Waypoint","BCMA-27","SurveyID",NA,"9.7","10.0833","0.383333",NA,NA,NA,NA,NA,NA,NA,NA,NA,NA,NA,NA,NA,NA,NA,NA,NA,NA,NA,NA,NA,NA,NA,NA,NA,NA,NA,NA,NA,NA,NA,NA,NA,NA,NA,NA,NA,NA,NA,NA,NA,NA,NA,NA,NA,NA,NA,NA,NA,NA,NA,NA,"12","Total count",NA,"Port section",NA,"Central section","12","Board section",NA,"Rocks",NA,NA,NA,NA,NA,NA,"Yes","Yes",NA,NA,NA,NA,"American Wigeon",NA,NA,NA,NA,NA,NA,NA,"AOU","7.48","2007","AMWI",NA,NA,NA,NA,NA,NA,2009,2
"3",968198011,"BCMA",1008,NA,3,420,"BC","CA","22-7",48.678383,-123.395447,NA,NA,NA,"10TDU79",2009,2,4,27,NA,"URN:catalog:BSC-EOC:BCMA:5-AMWI-2001",NA,"Observation","BSC-EOC","BCMA","5-AMWI","Mareca americana","AnimaliaChordataAvesAnseriformes8","Animalia","Chordata","Aves","Anseriformes","8","Anas","americana",NA,NA,NA,NA,"NorthAmericaCanadaBritishColumbia","North America",NA,NA,NA,"Canada","British Columbia",NA,"Goudge - Coal - Dock Islands",NA,NA,NA,NA,"48.6784","-123.395",NA,NA,"2009","2","27","9.58333",NA,NA,NA,NA,NA,NA,NA,NA,NA,NA,NA,NA,NA,NA,NA,NA,NA,"BCCWS","Transect","BCMA","Seabirds","Bird Studies Canada, 2008","http://www.bsc-eoc.org/volunteer/bccws/index.jsp","22-7",NA,NA,"Variable",NA,NA,NA,"Waypoint","BCMA-5","SurveyID",NA,"9.58333","9.98333","0.4",NA,NA,NA,NA,NA,NA,NA,NA,NA,NA,NA,NA,NA,NA,NA,NA,NA,NA,NA,NA,NA,NA,NA,NA,NA,NA,NA,NA,NA,NA,NA,NA,NA,NA,NA,NA,NA,NA,NA,NA,NA,NA,NA,NA,NA,NA,NA,NA,NA,NA,NA,NA,"42","Total count",NA,"Port section","42","Central section",NA,"Board section",NA,"Rocks",NA,NA,NA,NA,NA,NA,"Yes","Yes",NA,NA,NA,NA,"American Wigeon",NA,NA,NA,NA,NA,NA,NA,"AOU","7.48","2007","AMWI",NA,NA,NA,NA,NA,NA,2009,2
"4",968198012,"BCMA",1008,NA,3,5850,"BC","CA","10-360",48.818802,-123.108849,NA,NA,NA,"10UDV90",2009,1,2,15,NA,"URN:catalog:BSC-EOC:BCMA:130-ANMU-2321",NA,"Observation","BSC-EOC","BCMA","130-ANMU","Synthliboramphus antiquus","AnimaliaChordataAvesCharadriiformes55","Animalia","Chordata","Aves","Charadriiformes","55","Synthliboramphus","antiquus",NA,NA,NA,NA,"NorthAmericaCanadaBritishColumbia","North America",NA,NA,NA,"Canada","British Columbia",NA,"North Saturna (Bell Chain Is - Tumbo)",NA,NA,NA,NA,"48.8188","-123.109",NA,NA,"2009","1","15","14.65",NA,NA,NA,NA,NA,NA,NA,NA,NA,NA,NA,NA,NA,NA,NA,NA,NA,"BCCWS","Transect","BCMA","Seabirds","Bird Studies Canada, 2008","http://www.bsc-eoc.org/volunteer/bccws/index.jsp","10-360",NA,NA,"Variable",NA,NA,NA,"Waypoint","BCMA-130","SurveyID",NA,"14.65","14.8333","0.183333",NA,NA,NA,NA,NA,NA,NA,NA,NA,NA,NA,NA,NA,NA,NA,NA,NA,NA,NA,NA,NA,NA,NA,NA,NA,NA,NA,NA,NA,NA,NA,NA,NA,NA,NA,NA,NA,NA,NA,NA,NA,NA,NA,NA,NA,NA,NA,NA,NA,NA,NA,NA,"2","Total count",NA,"Port section","2","Central section",NA,"Board section",NA,"Rocks",NA,NA,NA,NA,NA,NA,"Yes","Yes",NA,NA,NA,NA,"Ancient Murrelet",NA,NA,NA,NA,NA,NA,NA,"AOU","7.48","2007","ANMU",NA,NA,NA,NA,NA,NA,2009,1
"5",968198013,"BCMA",1008,NA,3,5850,"BC","CA","6-462",48.711082,-123.249565,NA,NA,NA,"10TDU89",2009,1,2,15,NA,"URN:catalog:BSC-EOC:BCMA:135-ANMU-1986",NA,"Observation","BSC-EOC","BCMA","135-ANMU","Synthliboramphus antiquus","AnimaliaChordataAvesCharadriiformes55","Animalia","Chordata","Aves","Charadriiformes","55","Synthliboramphus","antiquus",NA,NA,NA,NA,"NorthAmericaCanadaBritishColumbia","North America",NA,NA,NA,"Canada","British Columbia",NA,"Swanson Channel East",NA,NA,NA,NA,"48.7111","-123.25",NA,NA,"2009","1","15","16.0667",NA,NA,NA,NA,NA,NA,NA,NA,NA,NA,NA,NA,NA,NA,NA,NA,NA,"BCCWS","Transect","BCMA","Seabirds","Bird Studies Canada, 2008","http://www.bsc-eoc.org/volunteer/bccws/index.jsp","6-462",NA,NA,"Variable",NA,NA,NA,"Waypoint","BCMA-135","SurveyID",NA,"16.0667","16.4167","0.35",NA,NA,NA,NA,NA,NA,NA,NA,NA,NA,NA,NA,NA,NA,NA,NA,NA,NA,NA,NA,NA,NA,NA,NA,NA,NA,NA,NA,NA,NA,NA,NA,NA,NA,NA,NA,NA,NA,NA,NA,NA,NA,NA,NA,NA,NA,NA,NA,NA,NA,NA,NA,"5","Total count","5","Port section",NA,"Central section",NA,"Board section",NA,"Rocks",NA,NA,NA,NA,NA,NA,"Yes","Yes",NA,NA,NA,NA,"Ancient Murrelet",NA,NA,NA,NA,NA,NA,NA,"AOU","7.48","2007","ANMU",NA,NA,NA,NA,NA,NA,2009,1
"6",968198014,"BCMA",1008,NA,3,5850,"BC","CA","2-62",48.599934,-123.319397,NA,NA,NA,"10TDU78",2008,11,3,18,NA,"URN:catalog:BSC-EOC:BCMA:83-ANMU-1342",NA,"Observation","BSC-EOC","BCMA","83-ANMU","Synthliboramphus antiquus","AnimaliaChordataAvesCharadriiformes55","Animalia","Chordata","Aves","Charadriiformes","55","Synthliboramphus","antiquus",NA,NA,NA,NA,"NorthAmericaCanadaBritishColumbia","North America",NA,NA,NA,"Canada","British Columbia",NA,"Sidney Channel",NA,NA,NA,NA,"48.5999","-123.319",NA,NA,"2008","11","18","10.35",NA,NA,NA,NA,NA,NA,NA,NA,NA,NA,NA,NA,NA,NA,NA,NA,NA,"BCCWS","Transect","BCMA","Seabirds","Bird Studies Canada, 2008","http://www.bsc-eoc.org/volunteer/bccws/index.jsp","2-62",NA,NA,"Variable",NA,NA,NA,"Waypoint","BCMA-83","SurveyID",NA,"10.35","10.5833","0.233333",NA,NA,NA,NA,NA,NA,NA,NA,NA,NA,NA,NA,NA,NA,NA,NA,NA,NA,NA,NA,NA,NA,NA,NA,NA,NA,NA,NA,NA,NA,NA,NA,NA,NA,NA,NA,NA,NA,NA,NA,NA,NA,NA,NA,NA,NA,NA,NA,NA,NA,NA,NA,"3","Total count",NA,"Port section","3","Central section",NA,"Board section",NA,"Rocks",NA,NA,NA,NA,NA,NA,"Yes","Yes",NA,NA,NA,NA,"Ancient Murrelet",NA,NA,NA,NA,NA,NA,NA,"AOU","7.48","2007","ANMU",NA,NA,NA,NA,NA,NA,2008,11
"7",968198015,"BCMA",1008,NA,3,5850,"BC","CA","4-100",48.587349,-123.251297,NA,NA,NA,"10TDU88",2008,11,3,18,NA,"URN:catalog:BSC-EOC:BCMA:85-ANMU-1380",NA,"Observation","BSC-EOC","BCMA","85-ANMU","Synthliboramphus antiquus","AnimaliaChordataAvesCharadriiformes55","Animalia","Chordata","Aves","Charadriiformes","55","Synthliboramphus","antiquus",NA,NA,NA,NA,"NorthAmericaCanadaBritishColumbia","North America",NA,NA,NA,"Canada","British Columbia",NA,"Haro Strait South",NA,NA,NA,NA,"48.5873","-123.251",NA,NA,"2008","11","18","10.85",NA,NA,NA,NA,NA,NA,NA,NA,NA,NA,NA,NA,NA,NA,NA,NA,NA,"BCCWS","Transect","BCMA","Seabirds","Bird Studies Canada, 2008","http://www.bsc-eoc.org/volunteer/bccws/index.jsp","4-100",NA,NA,"Variable",NA,NA,NA,"Waypoint","BCMA-85","SurveyID",NA,"10.85","11.1667","0.316667",NA,NA,NA,NA,NA,NA,NA,NA,NA,NA,NA,NA,NA,NA,NA,NA,NA,NA,NA,NA,NA,NA,NA,NA,NA,NA,NA,NA,NA,NA,NA,NA,NA,NA,NA,NA,NA,NA,NA,NA,NA,NA,NA,NA,NA,NA,NA,NA,NA,NA,NA,NA,"5","Total count",NA,"Port section","5","Central section",NA,"Board section",NA,"Rocks",NA,NA,NA,NA,NA,NA,"Yes","Yes",NA,NA,NA,NA,"Ancient Murrelet",NA,NA,NA,NA,NA,NA,NA,"AOU","7.48","2007","ANMU",NA,NA,NA,NA,NA,NA,2008,11
"8",968198016,"BCMA",1008,NA,3,5850,"BC","CA","4-111",48.606533,-123.263916,NA,NA,NA,"10TDU88",2008,11,3,18,NA,"URN:catalog:BSC-EOC:BCMA:85-ANMU-1401",NA,"Observation","BSC-EOC","BCMA","85-ANMU","Synthliboramphus antiquus","AnimaliaChordataAvesCharadriiformes55","Animalia","Chordata","Aves","Charadriiformes","55","Synthliboramphus","antiquus",NA,NA,NA,NA,"NorthAmericaCanadaBritishColumbia","North America",NA,NA,NA,"Canada","British Columbia",NA,"Haro Strait South",NA,NA,NA,NA,"48.6065","-123.264",NA,NA,"2008","11","18","10.85",NA,NA,NA,NA,NA,NA,NA,NA,NA,NA,NA,NA,NA,NA,NA,NA,NA,"BCCWS","Transect","BCMA","Seabirds","Bird Studies Canada, 2008","http://www.bsc-eoc.org/volunteer/bccws/index.jsp","4-111",NA,NA,"Variable",NA,NA,NA,"Waypoint","BCMA-85","SurveyID",NA,"10.85","11.1667","0.316667",NA,NA,NA,NA,NA,NA,NA,NA,NA,NA,NA,NA,NA,NA,NA,NA,NA,NA,NA,NA,NA,NA,NA,NA,NA,NA,NA,NA,NA,NA,NA,NA,NA,NA,NA,NA,NA,NA,NA,NA,NA,NA,NA,NA,NA,NA,NA,NA,NA,NA,NA,NA,"8","Total count",NA,"Port section","6","Central section","2","Board section",NA,"Rocks",NA,NA,NA,NA,NA,NA,"Yes","Yes",NA,NA,NA,NA,"Ancient Murrelet",NA,NA,NA,NA,NA,NA,NA,"AOU","7.48","2007","ANMU",NA,NA,NA,NA,NA,NA,2008,11
"9",968198017,"BCMA",1008,NA,3,5850,"BC","CA","4-112",48.608318,-123.265884,NA,NA,NA,"10TDU88",2008,11,3,18,NA,"URN:catalog:BSC-EOC:BCMA:85-ANMU-1406",NA,"Observation","BSC-EOC","BCMA","85-ANMU","Synthliboramphus antiquus","AnimaliaChordataAvesCharadriiformes55","Animalia","Chordata","Aves","Charadriiformes","55","Synthliboramphus","antiquus",NA,NA,NA,NA,"NorthAmericaCanadaBritishColumbia","North America",NA,NA,NA,"Canada","British Columbia",NA,"Haro Strait South",NA,NA,NA,NA,"48.6083","-123.266",NA,NA,"2008","11","18","10.85",NA,NA,NA,NA,NA,NA,NA,NA,NA,NA,NA,NA,NA,NA,NA,NA,NA,"BCCWS","Transect","BCMA","Seabirds","Bird Studies Canada, 2008","http://www.bsc-eoc.org/volunteer/bccws/index.jsp","4-112",NA,NA,"Variable",NA,NA,NA,"Waypoint","BCMA-85","SurveyID",NA,"10.85","11.1667","0.316667",NA,NA,NA,NA,NA,NA,NA,NA,NA,NA,NA,NA,NA,NA,NA,NA,NA,NA,NA,NA,NA,NA,NA,NA,NA,NA,NA,NA,NA,NA,NA,NA,NA,NA,NA,NA,NA,NA,NA,NA,NA,NA,NA,NA,NA,NA,NA,NA,NA,NA,NA,NA,"27","Total count",NA,"Port section","20","Central section","7","Board section",NA,"Rocks",NA,NA,NA,NA,NA,NA,"Yes","Yes",NA,NA,NA,NA,"Ancient Murrelet",NA,NA,NA,NA,NA,NA,NA,"AOU","7.48","2007","ANMU",NA,NA,NA,NA,NA,NA,2008,11
"10",968198018,"BCMA",1008,NA,3,5850,"BC","CA","24-114",48.611965,-123.269768,NA,NA,NA,"10TDU88",2008,11,3,18,NA,"URN:catalog:BSC-EOC:BCMA:86-ANMU-1425",NA,"Observation","BSC-EOC","BCMA","86-ANMU","Synthliboramphus antiquus","AnimaliaChordataAvesCharadriiformes55","Animalia","Chordata","Aves","Charadriiformes","55","Synthliboramphus","antiquus",NA,NA,NA,NA,"NorthAmericaCanadaBritishColumbia","North America",NA,NA,NA,"Canada","British Columbia",NA,"Halibut-Mandarte",NA,NA,NA,NA,"48.612","-123.27",NA,NA,"2008","11","18","11.1833",NA,NA,NA,NA,NA,NA,NA,NA,NA,NA,NA,NA,NA,NA,NA,NA,NA,"BCCWS","Transect","BCMA","Seabirds","Bird Studies Canada, 2008","http://www.bsc-eoc.org/volunteer/bccws/index.jsp","24-114",NA,NA,"Variable",NA,NA,NA,"Waypoint","BCMA-86","SurveyID",NA,"11.1833","11.5667","0.383333",NA,NA,NA,NA,NA,NA,NA,NA,NA,NA,NA,NA,NA,NA,NA,NA,NA,NA,NA,NA,NA,NA,NA,NA,NA,NA,NA,NA,NA,NA,NA,NA,NA,NA,NA,NA,NA,NA,NA,NA,NA,NA,NA,NA,NA,NA,NA,NA,NA,NA,NA,NA,"12","Total count",NA,"Port section","12","Central section",NA,"Board section",NA,"Rocks",NA,NA,NA,NA,NA,NA,"Yes","Yes",NA,NA,NA,NA,"Ancient Murrelet",NA,NA,NA,NA,NA,NA,NA,"AOU","7.48","2007","ANMU",NA,NA,NA,NA,NA,NA,2008,11
"11",968198019,"BCMA",1008,NA,3,5850,"BC","CA","24-115",48.613834,-123.271767,NA,NA,NA,"10TDU78",2008,11,3,18,NA,"URN:catalog:BSC-EOC:BCMA:86-ANMU-1426",NA,"Observation","BSC-EOC","BCMA","86-ANMU","Synthliboramphus antiquus","AnimaliaChordataAvesCharadriiformes55","Animalia","Chordata","Aves","Charadriiformes","55","Synthliboramphus","antiquus",NA,NA,NA,NA,"NorthAmericaCanadaBritishColumbia","North America",NA,NA,NA,"Canada","British Columbia",NA,"Halibut-Mandarte",NA,NA,NA,NA,"48.6138","-123.272",NA,NA,"2008","11","18","11.1833",NA,NA,NA,NA,NA,NA,NA,NA,NA,NA,NA,NA,NA,NA,NA,NA,NA,"BCCWS","Transect","BCMA","Seabirds","Bird Studies Canada, 2008","http://www.bsc-eoc.org/volunteer/bccws/index.jsp","24-115",NA,NA,"Variable",NA,NA,NA,"Waypoint","BCMA-86","SurveyID",NA,"11.1833","11.5667","0.383333",NA,NA,NA,NA,NA,NA,NA,NA,NA,NA,NA,NA,NA,NA,NA,NA,NA,NA,NA,NA,NA,NA,NA,NA,NA,NA,NA,NA,NA,NA,NA,NA,NA,NA,NA,NA,NA,NA,NA,NA,NA,NA,NA,NA,NA,NA,NA,NA,NA,NA,NA,NA,"23","Total count","5","Port section","18","Central section",NA,"Board section",NA,"Rocks",NA,NA,NA,NA,NA,NA,"Yes","Yes",NA,NA,NA,NA,"Ancient Murrelet",NA,NA,NA,NA,NA,NA,NA,"AOU","7.48","2007","ANMU",NA,NA,NA,NA,NA,NA,2008,11
"12",968198020,"BCMA",1008,NA,3,5850,"BC","CA","5-137",48.655117,-123.274002,NA,NA,NA,"10TDU78",2008,11,3,18,NA,"URN:catalog:BSC-EOC:BCMA:87-ANMU-1449",NA,"Observation","BSC-EOC","BCMA","87-ANMU","Synthliboramphus antiquus","AnimaliaChordataAvesCharadriiformes55","Animalia","Chordata","Aves","Charadriiformes","55","Synthliboramphus","antiquus",NA,NA,NA,NA,"NorthAmericaCanadaBritishColumbia","North America",NA,NA,NA,"Canada","British Columbia",NA,"Haro Strait North",NA,NA,NA,NA,"48.6551","-123.274",NA,NA,"2008","11","18","11.6667",NA,NA,NA,NA,NA,NA,NA,NA,NA,NA,NA,NA,NA,NA,NA,NA,NA,"BCCWS","Transect","BCMA","Seabirds","Bird Studies Canada, 2008","http://www.bsc-eoc.org/volunteer/bccws/index.jsp","5-137",NA,NA,"Variable",NA,NA,NA,"Waypoint","BCMA-87","SurveyID",NA,"11.6667","12","0.333333",NA,NA,NA,NA,NA,NA,NA,NA,NA,NA,NA,NA,NA,NA,NA,NA,NA,NA,NA,NA,NA,NA,NA,NA,NA,NA,NA,NA,NA,NA,NA,NA,NA,NA,NA,NA,NA,NA,NA,NA,NA,NA,NA,NA,NA,NA,NA,NA,NA,NA,NA,NA,"182","Total count","15","Port section","117","Central section","50","Board section",NA,"Rocks",NA,NA,NA,NA,NA,NA,"Yes","Yes",NA,NA,NA,NA,"Ancient Murrelet",NA,NA,NA,NA,NA,NA,NA,"AOU","7.48","2007","ANMU",NA,NA,NA,NA,NA,NA,2008,11
"13",968198021,"BCMA",1008,NA,3,5850,"BC","CA","5-151",48.682266,-123.28273,NA,NA,NA,"10TDU79",2008,11,3,18,NA,"URN:catalog:BSC-EOC:BCMA:87-ANMU-1460",NA,"Observation","BSC-EOC","BCMA","87-ANMU","Synthliboramphus antiquus","AnimaliaChordataAvesCharadriiformes55","Animalia","Chordata","Aves","Charadriiformes","55","Synthliboramphus","antiquus",NA,NA,NA,NA,"NorthAmericaCanadaBritishColumbia","North America",NA,NA,NA,"Canada","British Columbia",NA,"Haro Strait North",NA,NA,NA,NA,"48.6823","-123.283",NA,NA,"2008","11","18","11.6667",NA,NA,NA,NA,NA,NA,NA,NA,NA,NA,NA,NA,NA,NA,NA,NA,NA,"BCCWS","Transect","BCMA","Seabirds","Bird Studies Canada, 2008","http://www.bsc-eoc.org/volunteer/bccws/index.jsp","5-151",NA,NA,"Variable",NA,NA,NA,"Waypoint","BCMA-87","SurveyID",NA,"11.6667","12","0.333333",NA,NA,NA,NA,NA,NA,NA,NA,NA,NA,NA,NA,NA,NA,NA,NA,NA,NA,NA,NA,NA,NA,NA,NA,NA,NA,NA,NA,NA,NA,NA,NA,NA,NA,NA,NA,NA,NA,NA,NA,NA,NA,NA,NA,NA,NA,NA,NA,NA,NA,NA,NA,"18","Total count",NA,"Port section","18","Central section",NA,"Board section",NA,"Rocks",NA,NA,NA,NA,NA,NA,"Yes","Yes",NA,NA,NA,NA,"Ancient Murrelet",NA,NA,NA,NA,NA,NA,NA,"AOU","7.48","2007","ANMU",NA,NA,NA,NA,NA,NA,2008,11
"14",968198022,"BCMA",1008,NA,3,5850,"BC","CA","5-152",48.68425,-123.284447,NA,NA,NA,"10TDU79",2008,11,3,18,NA,"URN:catalog:BSC-EOC:BCMA:87-ANMU-1461",NA,"Observation","BSC-EOC","BCMA","87-ANMU","Synthliboramphus antiquus","AnimaliaChordataAvesCharadriiformes55","Animalia","Chordata","Aves","Charadriiformes","55","Synthliboramphus","antiquus",NA,NA,NA,NA,"NorthAmericaCanadaBritishColumbia","North America",NA,NA,NA,"Canada","British Columbia",NA,"Haro Strait North",NA,NA,NA,NA,"48.6842","-123.284",NA,NA,"2008","11","18","11.6667",NA,NA,NA,NA,NA,NA,NA,NA,NA,NA,NA,NA,NA,NA,NA,NA,NA,"BCCWS","Transect","BCMA","Seabirds","Bird Studies Canada, 2008","http://www.bsc-eoc.org/volunteer/bccws/index.jsp","5-152",NA,NA,"Variable",NA,NA,NA,"Waypoint","BCMA-87","SurveyID",NA,"11.6667","12","0.333333",NA,NA,NA,NA,NA,NA,NA,NA,NA,NA,NA,NA,NA,NA,NA,NA,NA,NA,NA,NA,NA,NA,NA,NA,NA,NA,NA,NA,NA,NA,NA,NA,NA,NA,NA,NA,NA,NA,NA,NA,NA,NA,NA,NA,NA,NA,NA,NA,NA,NA,NA,NA,"28","Total count",NA,"Port section","28","Central section",NA,"Board section",NA,"Rocks",NA,NA,NA,NA,NA,NA,"Yes","Yes",NA,NA,NA,NA,"Ancient Murrelet",NA,NA,NA,NA,NA,NA,NA,"AOU","7.48","2007","ANMU",NA,NA,NA,NA,NA,NA,2008,11
"15",968198023,"BCMA",1008,NA,3,5850,"BC","CA","21-165",48.695732,-123.31665,NA,NA,NA,"10TDU79",2008,11,3,18,NA,"URN:catalog:BSC-EOC:BCMA:88-ANMU-1466",NA,"Observation","BSC-EOC","BCMA","88-ANMU","Synthliboramphus antiquus","AnimaliaChordataAvesCharadriiformes55","Animalia","Chordata","Aves","Charadriiformes","55","Synthliboramphus","antiquus",NA,NA,NA,NA,"NorthAmericaCanadaBritishColumbia","North America",NA,NA,NA,"Canada","British Columbia",NA,"Prevost Passage",NA,NA,NA,NA,"48.6957","-123.317",NA,NA,"2008","11","18","12.0167",NA,NA,NA,NA,NA,NA,NA,NA,NA,NA,NA,NA,NA,NA,NA,NA,NA,"BCCWS","Transect","BCMA","Seabirds","Bird Studies Canada, 2008","http://www.bsc-eoc.org/volunteer/bccws/index.jsp","21-165",NA,NA,"Variable",NA,NA,NA,"Waypoint","BCMA-88","SurveyID",NA,"12.0167","12.3667","0.35",NA,NA,NA,NA,NA,NA,NA,NA,NA,NA,NA,NA,NA,NA,NA,NA,NA,NA,NA,NA,NA,NA,NA,NA,NA,NA,NA,NA,NA,NA,NA,NA,NA,NA,NA,NA,NA,NA,NA,NA,NA,NA,NA,NA,NA,NA,NA,NA,NA,NA,NA,NA,"5","Total count",NA,"Port section","5","Central section",NA,"Board section",NA,"Rocks",NA,NA,NA,NA,NA,NA,"Yes","Yes",NA,NA,NA,NA,"Ancient Murrelet",NA,NA,NA,NA,NA,NA,NA,"AOU","7.48","2007","ANMU",NA,NA,NA,NA,NA,NA,2008,11
"16",968198024,"BCMA",1008,NA,3,5850,"BC","CA","21-168",48.694901,-123.326668,NA,NA,NA,"10TDU79",2008,11,3,18,NA,"URN:catalog:BSC-EOC:BCMA:88-ANMU-1468",NA,"Observation","BSC-EOC","BCMA","88-ANMU","Synthliboramphus antiquus","AnimaliaChordataAvesCharadriiformes55","Animalia","Chordata","Aves","Charadriiformes","55","Synthliboramphus","antiquus",NA,NA,NA,NA,"NorthAmericaCanadaBritishColumbia","North America",NA,NA,NA,"Canada","British Columbia",NA,"Prevost Passage",NA,NA,NA,NA,"48.6949","-123.327",NA,NA,"2008","11","18","12.0167",NA,NA,NA,NA,NA,NA,NA,NA,NA,NA,NA,NA,NA,NA,NA,NA,NA,"BCCWS","Transect","BCMA","Seabirds","Bird Studies Canada, 2008","http://www.bsc-eoc.org/volunteer/bccws/index.jsp","21-168",NA,NA,"Variable",NA,NA,NA,"Waypoint","BCMA-88","SurveyID",NA,"12.0167","12.3667","0.35",NA,NA,NA,NA,NA,NA,NA,NA,NA,NA,NA,NA,NA,NA,NA,NA,NA,NA,NA,NA,NA,NA,NA,NA,NA,NA,NA,NA,NA,NA,NA,NA,NA,NA,NA,NA,NA,NA,NA,NA,NA,NA,NA,NA,NA,NA,NA,NA,NA,NA,NA,NA,"7","Total count","4","Port section","3","Central section",NA,"Board section",NA,"Rocks",NA,NA,NA,NA,NA,NA,"Yes","Yes",NA,NA,NA,NA,"Ancient Murrelet",NA,NA,NA,NA,NA,NA,NA,"AOU","7.48","2007","ANMU",NA,NA,NA,NA,NA,NA,2008,11
"17",968198025,"BCMA",1008,NA,3,5850,"BC","CA","21-172",48.701698,-123.331665,NA,NA,NA,"10TDU79",2008,11,3,18,NA,"URN:catalog:BSC-EOC:BCMA:88-ANMU-1473",NA,"Observation","BSC-EOC","BCMA","88-ANMU","Synthliboramphus antiquus","AnimaliaChordataAvesCharadriiformes55","Animalia","Chordata","Aves","Charadriiformes","55","Synthliboramphus","antiquus",NA,NA,NA,NA,"NorthAmericaCanadaBritishColumbia","North America",NA,NA,NA,"Canada","British Columbia",NA,"Prevost Passage",NA,NA,NA,NA,"48.7017","-123.332",NA,NA,"2008","11","18","12.0167",NA,NA,NA,NA,NA,NA,NA,NA,NA,NA,NA,NA,NA,NA,NA,NA,NA,"BCCWS","Transect","BCMA","Seabirds","Bird Studies Canada, 2008","http://www.bsc-eoc.org/volunteer/bccws/index.jsp","21-172",NA,NA,"Variable",NA,NA,NA,"Waypoint","BCMA-88","SurveyID",NA,"12.0167","12.3667","0.35",NA,NA,NA,NA,NA,NA,NA,NA,NA,NA,NA,NA,NA,NA,NA,NA,NA,NA,NA,NA,NA,NA,NA,NA,NA,NA,NA,NA,NA,NA,NA,NA,NA,NA,NA,NA,NA,NA,NA,NA,NA,NA,NA,NA,NA,NA,NA,NA,NA,NA,NA,NA,"2","Total count","2","Port section",NA,"Central section",NA,"Board section",NA,"Rocks",NA,NA,NA,NA,NA,NA,"Yes","Yes",NA,NA,NA,NA,"Ancient Murrelet",NA,NA,NA,NA,NA,NA,NA,"AOU","7.48","2007","ANMU",NA,NA,NA,NA,NA,NA,2008,11
"18",968198026,"BCMA",1008,NA,3,5850,"BC","CA","19-192",48.744865,-123.349068,NA,NA,NA,"10TDU79",2008,11,3,18,NA,"URN:catalog:BSC-EOC:BCMA:89-ANMU-1487",NA,"Observation","BSC-EOC","BCMA","89-ANMU","Synthliboramphus antiquus","AnimaliaChordataAvesCharadriiformes55","Animalia","Chordata","Aves","Charadriiformes","55","Synthliboramphus","antiquus",NA,NA,NA,NA,"NorthAmericaCanadaBritishColumbia","North America",NA,NA,NA,"Canada","British Columbia",NA,"Swanson Channel West - Channel Islets",NA,NA,NA,NA,"48.7449","-123.349",NA,NA,"2008","11","18","12.3833",NA,NA,NA,NA,NA,NA,NA,NA,NA,NA,NA,NA,NA,NA,NA,NA,NA,"BCCWS","Transect","BCMA","Seabirds","Bird Studies Canada, 2008","http://www.bsc-eoc.org/volunteer/bccws/index.jsp","19-192",NA,NA,"Variable",NA,NA,NA,"Waypoint","BCMA-89","SurveyID",NA,"12.3833","12.6833","0.3",NA,NA,NA,NA,NA,NA,NA,NA,NA,NA,NA,NA,NA,NA,NA,NA,NA,NA,NA,NA,NA,NA,NA,NA,NA,NA,NA,NA,NA,NA,NA,NA,NA,NA,NA,NA,NA,NA,NA,NA,NA,NA,NA,NA,NA,NA,NA,NA,NA,NA,NA,NA,"16","Total count",NA,"Port section","16","Central section",NA,"Board section",NA,"Rocks",NA,NA,NA,NA,NA,NA,"Yes","Yes",NA,NA,NA,NA,"Ancient Murrelet",NA,NA,NA,NA,NA,NA,NA,"AOU","7.48","2007","ANMU",NA,NA,NA,NA,NA,NA,2008,11
"19",968198027,"BCMA",1008,NA,3,5850,"BC","CA","19-197",48.75565,-123.353401,NA,NA,NA,"10UDV70",2008,11,3,18,NA,"URN:catalog:BSC-EOC:BCMA:89-ANMU-1491",NA,"Observation","BSC-EOC","BCMA","89-ANMU","Synthliboramphus antiquus","AnimaliaChordataAvesCharadriiformes55","Animalia","Chordata","Aves","Charadriiformes","55","Synthliboramphus","antiquus",NA,NA,NA,NA,"NorthAmericaCanadaBritishColumbia","North America",NA,NA,NA,"Canada","British Columbia",NA,"Swanson Channel West - Channel Islets",NA,NA,NA,NA,"48.7556","-123.353",NA,NA,"2008","11","18","12.3833",NA,NA,NA,NA,NA,NA,NA,NA,NA,NA,NA,NA,NA,NA,NA,NA,NA,"BCCWS","Transect","BCMA","Seabirds","Bird Studies Canada, 2008","http://www.bsc-eoc.org/volunteer/bccws/index.jsp","19-197",NA,NA,"Variable",NA,NA,NA,"Waypoint","BCMA-89","SurveyID",NA,"12.3833","12.6833","0.3",NA,NA,NA,NA,NA,NA,NA,NA,NA,NA,NA,NA,NA,NA,NA,NA,NA,NA,NA,NA,NA,NA,NA,NA,NA,NA,NA,NA,NA,NA,NA,NA,NA,NA,NA,NA,NA,NA,NA,NA,NA,NA,NA,NA,NA,NA,NA,NA,NA,NA,NA,NA,"15","Total count",NA,"Port section",NA,"Central section","15","Board section",NA,"Rocks",NA,NA,NA,NA,NA,NA,"Yes","Yes",NA,NA,NA,NA,"Ancient Murrelet",NA,NA,NA,NA,NA,NA,NA,"AOU","7.48","2007","ANMU",NA,NA,NA,NA,NA,NA,2008,11
"20",968198028,"BCMA",1008,NA,3,5850,"BC","CA","19-212",48.787167,-123.369865,NA,NA,NA,"10UDV70",2008,11,3,18,NA,"URN:catalog:BSC-EOC:BCMA:89-ANMU-1496",NA,"Observation","BSC-EOC","BCMA","89-ANMU","Synthliboramphus antiquus","AnimaliaChordataAvesCharadriiformes55","Animalia","Chordata","Aves","Charadriiformes","55","Synthliboramphus","antiquus",NA,NA,NA,NA,"NorthAmericaCanadaBritishColumbia","North America",NA,NA,NA,"Canada","British Columbia",NA,"Swanson Channel West - Channel Islets",NA,NA,NA,NA,"48.7872","-123.37",NA,NA,"2008","11","18","12.3833",NA,NA,NA,NA,NA,NA,NA,NA,NA,NA,NA,NA,NA,NA,NA,NA,NA,"BCCWS","Transect","BCMA","Seabirds","Bird Studies Canada, 2008","http://www.bsc-eoc.org/volunteer/bccws/index.jsp","19-212",NA,NA,"Variable",NA,NA,NA,"Waypoint","BCMA-89","SurveyID",NA,"12.3833","12.6833","0.3",NA,NA,NA,NA,NA,NA,NA,NA,NA,NA,NA,NA,NA,NA,NA,NA,NA,NA,NA,NA,NA,NA,NA,NA,NA,NA,NA,NA,NA,NA,NA,NA,NA,NA,NA,NA,NA,NA,NA,NA,NA,NA,NA,NA,NA,NA,NA,NA,NA,NA,NA,NA,"5","Total count",NA,"Port section",NA,"Central section","5","Board section",NA,"Rocks",NA,NA,NA,NA,NA,NA,"Yes","Yes",NA,NA,NA,NA,"Ancient Murrelet",NA,NA,NA,NA,NA,NA,NA,"AOU","7.48","2007","ANMU",NA,NA,NA,NA,NA,NA,2008,11
"21",968198029,"BCMA",1008,NA,3,5850,"BC","CA","19-217",48.797451,-123.376587,NA,NA,NA,"10UDV70",2008,11,3,18,NA,"URN:catalog:BSC-EOC:BCMA:89-ANMU-1497",NA,"Observation","BSC-EOC","BCMA","89-ANMU","Synthliboramphus antiquus","AnimaliaChordataAvesCharadriiformes55","Animalia","Chordata","Aves","Charadriiformes","55","Synthliboramphus","antiquus",NA,NA,NA,NA,"NorthAmericaCanadaBritishColumbia","North America",NA,NA,NA,"Canada","British Columbia",NA,"Swanson Channel West - Channel Islets",NA,NA,NA,NA,"48.7975","-123.377",NA,NA,"2008","11","18","12.3833",NA,NA,NA,NA,NA,NA,NA,NA,NA,NA,NA,NA,NA,NA,NA,NA,NA,"BCCWS","Transect","BCMA","Seabirds","Bird Studies Canada, 2008","http://www.bsc-eoc.org/volunteer/bccws/index.jsp","19-217",NA,NA,"Variable",NA,NA,NA,"Waypoint","BCMA-89","SurveyID",NA,"12.3833","12.6833","0.3",NA,NA,NA,NA,NA,NA,NA,NA,NA,NA,NA,NA,NA,NA,NA,NA,NA,NA,NA,NA,NA,NA,NA,NA,NA,NA,NA,NA,NA,NA,NA,NA,NA,NA,NA,NA,NA,NA,NA,NA,NA,NA,NA,NA,NA,NA,NA,NA,NA,NA,NA,NA,"15","Total count",NA,"Port section","15","Central section",NA,"Board section",NA,"Rocks",NA,NA,NA,NA,NA,NA,"Yes","Yes",NA,NA,NA,NA,"Ancient Murrelet",NA,NA,NA,NA,NA,NA,NA,"AOU","7.48","2007","ANMU",NA,NA,NA,NA,NA,NA,2008,11
"22",968198030,"BCMA",1008,NA,3,5850,"BC","CA","8-393",48.777767,-123.048798,NA,NA,NA,"10UDV90",2008,11,3,18,NA,"URN:catalog:BSC-EOC:BCMA:102-ANMU-1568",NA,"Observation","BSC-EOC","BCMA","102-ANMU","Synthliboramphus antiquus","AnimaliaChordataAvesCharadriiformes55","Animalia","Chordata","Aves","Charadriiformes","55","Synthliboramphus","antiquus",NA,NA,NA,NA,"NorthAmericaCanadaBritishColumbia","North America",NA,NA,NA,"Canada","British Columbia",NA,"Boundary Pass (South Pender - East Point)",NA,NA,NA,NA,"48.7778","-123.049",NA,NA,"2008","11","18","14.6",NA,NA,NA,NA,NA,NA,NA,NA,NA,NA,NA,NA,NA,NA,NA,NA,NA,"BCCWS","Transect","BCMA","Seabirds","Bird Studies Canada, 2008","http://www.bsc-eoc.org/volunteer/bccws/index.jsp","8-393",NA,NA,"Variable",NA,NA,NA,"Waypoint","BCMA-102","SurveyID",NA,"14.6","15.0333","0.433333",NA,NA,NA,NA,NA,NA,NA,NA,NA,NA,NA,NA,NA,NA,NA,NA,NA,NA,NA,NA,NA,NA,NA,NA,NA,NA,NA,NA,NA,NA,NA,NA,NA,NA,NA,NA,NA,NA,NA,NA,NA,NA,NA,NA,NA,NA,NA,NA,NA,NA,NA,NA,"5","Total count",NA,"Port section","5","Central section",NA,"Board section",NA,"Rocks",NA,NA,NA,NA,NA,NA,"Yes","Yes",NA,NA,NA,NA,"Ancient Murrelet",NA,NA,NA,NA,NA,NA,NA,"AOU","7.48","2007","ANMU",NA,NA,NA,NA,NA,NA,2008,11
"23",968198031,"BCMA",1008,NA,3,5850,"BC","CA","8-424",48.748817,-123.1399,NA,NA,NA,"10TDU89",2008,11,3,18,NA,"URN:catalog:BSC-EOC:BCMA:102-ANMU-1576",NA,"Observation","BSC-EOC","BCMA","102-ANMU","Synthliboramphus antiquus","AnimaliaChordataAvesCharadriiformes55","Animalia","Chordata","Aves","Charadriiformes","55","Synthliboramphus","antiquus",NA,NA,NA,NA,"NorthAmericaCanadaBritishColumbia","North America",NA,NA,NA,"Canada","British Columbia",NA,"Boundary Pass (South Pender - East Point)",NA,NA,NA,NA,"48.7488","-123.14",NA,NA,"2008","11","18","14.6",NA,NA,NA,NA,NA,NA,NA,NA,NA,NA,NA,NA,NA,NA,NA,NA,NA,"BCCWS","Transect","BCMA","Seabirds","Bird Studies Canada, 2008","http://www.bsc-eoc.org/volunteer/bccws/index.jsp","8-424",NA,NA,"Variable",NA,NA,NA,"Waypoint","BCMA-102","SurveyID",NA,"14.6","15.0333","0.433333",NA,NA,NA,NA,NA,NA,NA,NA,NA,NA,NA,NA,NA,NA,NA,NA,NA,NA,NA,NA,NA,NA,NA,NA,NA,NA,NA,NA,NA,NA,NA,NA,NA,NA,NA,NA,NA,NA,NA,NA,NA,NA,NA,NA,NA,NA,NA,NA,NA,NA,NA,NA,"4","Total count",NA,"Port section","4","Central section",NA,"Board section",NA,"Rocks",NA,NA,NA,NA,NA,NA,"Yes","Yes",NA,NA,NA,NA,"Ancient Murrelet",NA,NA,NA,NA,NA,NA,NA,"AOU","7.48","2007","ANMU",NA,NA,NA,NA,NA,NA,2008,11
"24",968198032,"BCMA",1008,NA,3,5850,"BC","CA","8-428",48.743866,-123.151001,NA,NA,NA,"10TDU89",2008,11,3,18,NA,"URN:catalog:BSC-EOC:BCMA:102-ANMU-1577",NA,"Observation","BSC-EOC","BCMA","102-ANMU","Synthliboramphus antiquus","AnimaliaChordataAvesCharadriiformes55","Animalia","Chordata","Aves","Charadriiformes","55","Synthliboramphus","antiquus",NA,NA,NA,NA,"NorthAmericaCanadaBritishColumbia","North America",NA,NA,NA,"Canada","British Columbia",NA,"Boundary Pass (South Pender - East Point)",NA,NA,NA,NA,"48.7439","-123.151",NA,NA,"2008","11","18","14.6",NA,NA,NA,NA,NA,NA,NA,NA,NA,NA,NA,NA,NA,NA,NA,NA,NA,"BCCWS","Transect","BCMA","Seabirds","Bird Studies Canada, 2008","http://www.bsc-eoc.org/volunteer/bccws/index.jsp","8-428",NA,NA,"Variable",NA,NA,NA,"Waypoint","BCMA-102","SurveyID",NA,"14.6","15.0333","0.433333",NA,NA,NA,NA,NA,NA,NA,NA,NA,NA,NA,NA,NA,NA,NA,NA,NA,NA,NA,NA,NA,NA,NA,NA,NA,NA,NA,NA,NA,NA,NA,NA,NA,NA,NA,NA,NA,NA,NA,NA,NA,NA,NA,NA,NA,NA,NA,NA,NA,NA,NA,NA,"10","Total count",NA,"Port section","10","Central section",NA,"Board section",NA,"Rocks",NA,NA,NA,NA,NA,NA,"Yes","Yes",NA,NA,NA,NA,"Ancient Murrelet",NA,NA,NA,NA,NA,NA,NA,"AOU","7.48","2007","ANMU",NA,NA,NA,NA,NA,NA,2008,11
"25",968198033,"BCMA",1008,NA,3,5850,"BC","CA","25-433",48.737667,-123.164864,NA,NA,NA,"10TDU89",2008,11,3,18,NA,"URN:catalog:BSC-EOC:BCMA:103-ANMU-1579",NA,"Observation","BSC-EOC","BCMA","103-ANMU","Synthliboramphus antiquus","AnimaliaChordataAvesCharadriiformes55","Animalia","Chordata","Aves","Charadriiformes","55","Synthliboramphus","antiquus",NA,NA,NA,NA,"NorthAmericaCanadaBritishColumbia","North America",NA,NA,NA,"Canada","British Columbia",NA,"Blunden - Tilly Point",NA,NA,NA,NA,"48.7377","-123.165",NA,NA,"2008","11","18","15.0333",NA,NA,NA,NA,NA,NA,NA,NA,NA,NA,NA,NA,NA,NA,NA,NA,NA,"BCCWS","Transect","BCMA","Seabirds","Bird Studies Canada, 2008","http://www.bsc-eoc.org/volunteer/bccws/index.jsp","25-433",NA,NA,"Variable",NA,NA,NA,"Waypoint","BCMA-103","SurveyID",NA,"15.0333","15.1667","0.133333",NA,NA,NA,NA,NA,NA,NA,NA,NA,NA,NA,NA,NA,NA,NA,NA,NA,NA,NA,NA,NA,NA,NA,NA,NA,NA,NA,NA,NA,NA,NA,NA,NA,NA,NA,NA,NA,NA,NA,NA,NA,NA,NA,NA,NA,NA,NA,NA,NA,NA,NA,NA,"10","Total count","10","Port section",NA,"Central section",NA,"Board section",NA,"Rocks",NA,NA,NA,NA,NA,NA,"Yes","Yes",NA,NA,NA,NA,"Ancient Murrelet",NA,NA,NA,NA,NA,NA,NA,"AOU","7.48","2007","ANMU",NA,NA,NA,NA,NA,NA,2008,11
"26",968198034,"BCMA",1008,NA,3,5850,"BC","CA","25-437",48.73275,-123.175919,NA,NA,NA,"10TDU89",2008,11,3,18,NA,"URN:catalog:BSC-EOC:BCMA:103-ANMU-1584",NA,"Observation","BSC-EOC","BCMA","103-ANMU","Synthliboramphus antiquus","AnimaliaChordataAvesCharadriiformes55","Animalia","Chordata","Aves","Charadriiformes","55","Synthliboramphus","antiquus",NA,NA,NA,NA,"NorthAmericaCanadaBritishColumbia","North America",NA,NA,NA,"Canada","British Columbia",NA,"Blunden - Tilly Point",NA,NA,NA,NA,"48.7327","-123.176",NA,NA,"2008","11","18","15.0333",NA,NA,NA,NA,NA,NA,NA,NA,NA,NA,NA,NA,NA,NA,NA,NA,NA,"BCCWS","Transect","BCMA","Seabirds","Bird Studies Canada, 2008","http://www.bsc-eoc.org/volunteer/bccws/index.jsp","25-437",NA,NA,"Variable",NA,NA,NA,"Waypoint","BCMA-103","SurveyID",NA,"15.0333","15.1667","0.133333",NA,NA,NA,NA,NA,NA,NA,NA,NA,NA,NA,NA,NA,NA,NA,NA,NA,NA,NA,NA,NA,NA,NA,NA,NA,NA,NA,NA,NA,NA,NA,NA,NA,NA,NA,NA,NA,NA,NA,NA,NA,NA,NA,NA,NA,NA,NA,NA,NA,NA,NA,NA,"9","Total count",NA,"Port section",NA,"Central section","9","Board section",NA,"Rocks",NA,NA,NA,NA,NA,NA,"Yes","Yes",NA,NA,NA,NA,"Ancient Murrelet",NA,NA,NA,NA,NA,NA,NA,"AOU","7.48","2007","ANMU",NA,NA,NA,NA,NA,NA,2008,11
"27",968198035,"BCMA",1008,NA,3,5850,"BC","CA","25-442",48.728283,-123.187752,NA,NA,NA,"10TDU89",2008,11,3,18,NA,"URN:catalog:BSC-EOC:BCMA:103-ANMU-1587",NA,"Observation","BSC-EOC","BCMA","103-ANMU","Synthliboramphus antiquus","AnimaliaChordataAvesCharadriiformes55","Animalia","Chordata","Aves","Charadriiformes","55","Synthliboramphus","antiquus",NA,NA,NA,NA,"NorthAmericaCanadaBritishColumbia","North America",NA,NA,NA,"Canada","British Columbia",NA,"Blunden - Tilly Point",NA,NA,NA,NA,"48.7283","-123.188",NA,NA,"2008","11","18","15.0333",NA,NA,NA,NA,NA,NA,NA,NA,NA,NA,NA,NA,NA,NA,NA,NA,NA,"BCCWS","Transect","BCMA","Seabirds","Bird Studies Canada, 2008","http://www.bsc-eoc.org/volunteer/bccws/index.jsp","25-442",NA,NA,"Variable",NA,NA,NA,"Waypoint","BCMA-103","SurveyID",NA,"15.0333","15.1667","0.133333",NA,NA,NA,NA,NA,NA,NA,NA,NA,NA,NA,NA,NA,NA,NA,NA,NA,NA,NA,NA,NA,NA,NA,NA,NA,NA,NA,NA,NA,NA,NA,NA,NA,NA,NA,NA,NA,NA,NA,NA,NA,NA,NA,NA,NA,NA,NA,NA,NA,NA,NA,NA,"22","Total count","7","Port section","15","Central section",NA,"Board section",NA,"Rocks",NA,NA,NA,NA,NA,NA,"Yes","Yes",NA,NA,NA,NA,"Ancient Murrelet",NA,NA,NA,NA,NA,NA,NA,"AOU","7.48","2007","ANMU",NA,NA,NA,NA,NA,NA,2008,11
"28",968198036,"BCMA",1008,NA,3,5850,"BC","CA","6-461",48.711948,-123.246437,NA,NA,NA,"10TDU89",2008,11,3,18,NA,"URN:catalog:BSC-EOC:BCMA:104-ANMU-1593",NA,"Observation","BSC-EOC","BCMA","104-ANMU","Synthliboramphus antiquus","AnimaliaChordataAvesCharadriiformes55","Animalia","Chordata","Aves","Charadriiformes","55","Synthliboramphus","antiquus",NA,NA,NA,NA,"NorthAmericaCanadaBritishColumbia","North America",NA,NA,NA,"Canada","British Columbia",NA,"Swanson Channel East",NA,NA,NA,NA,"48.7119","-123.246",NA,NA,"2008","11","18","15.1667",NA,NA,NA,NA,NA,NA,NA,NA,NA,NA,NA,NA,NA,NA,NA,NA,NA,"BCCWS","Transect","BCMA","Seabirds","Bird Studies Canada, 2008","http://www.bsc-eoc.org/volunteer/bccws/index.jsp","6-461",NA,NA,"Variable",NA,NA,NA,"Waypoint","BCMA-104","SurveyID",NA,"15.1667","15.45","0.283333",NA,NA,NA,NA,NA,NA,NA,NA,NA,NA,NA,NA,NA,NA,NA,NA,NA,NA,NA,NA,NA,NA,NA,NA,NA,NA,NA,NA,NA,NA,NA,NA,NA,NA,NA,NA,NA,NA,NA,NA,NA,NA,NA,NA,NA,NA,NA,NA,NA,NA,NA,NA,"12","Total count",NA,"Port section","12","Central section",NA,"Board section",NA,"Rocks",NA,NA,NA,NA,NA,NA,"Yes","Yes",NA,NA,NA,NA,"Ancient Murrelet",NA,NA,NA,NA,NA,NA,NA,"AOU","7.48","2007","ANMU",NA,NA,NA,NA,NA,NA,2008,11
"29",968198037,"BCMA",1008,NA,3,5850,"BC","CA","6-476",48.699066,-123.29258,NA,NA,NA,"10TDU79",2008,11,3,18,NA,"URN:catalog:BSC-EOC:BCMA:104-ANMU-1599",NA,"Observation","BSC-EOC","BCMA","104-ANMU","Synthliboramphus antiquus","AnimaliaChordataAvesCharadriiformes55","Animalia","Chordata","Aves","Charadriiformes","55","Synthliboramphus","antiquus",NA,NA,NA,NA,"NorthAmericaCanadaBritishColumbia","North America",NA,NA,NA,"Canada","British Columbia",NA,"Swanson Channel East",NA,NA,NA,NA,"48.6991","-123.293",NA,NA,"2008","11","18","15.1667",NA,NA,NA,NA,NA,NA,NA,NA,NA,NA,NA,NA,NA,NA,NA,NA,NA,"BCCWS","Transect","BCMA","Seabirds","Bird Studies Canada, 2008","http://www.bsc-eoc.org/volunteer/bccws/index.jsp","6-476",NA,NA,"Variable",NA,NA,NA,"Waypoint","BCMA-104","SurveyID",NA,"15.1667","15.45","0.283333",NA,NA,NA,NA,NA,NA,NA,NA,NA,NA,NA,NA,NA,NA,NA,NA,NA,NA,NA,NA,NA,NA,NA,NA,NA,NA,NA,NA,NA,NA,NA,NA,NA,NA,NA,NA,NA,NA,NA,NA,NA,NA,NA,NA,NA,NA,NA,NA,NA,NA,NA,NA,"10","Total count",NA,"Port section","10","Central section",NA,"Board section",NA,"Rocks",NA,NA,NA,NA,NA,NA,"Yes","Yes",NA,NA,NA,NA,"Ancient Murrelet",NA,NA,NA,NA,NA,NA,NA,"AOU","7.48","2007","ANMU",NA,NA,NA,NA,NA,NA,2008,11
"30",968198038,"BCMA",1008,NA,3,5850,"BC","CA","21-495",48.682568,-123.351585,NA,NA,NA,"10TDU79",2008,11,3,18,NA,"URN:catalog:BSC-EOC:BCMA:105-ANMU-1603",NA,"Observation","BSC-EOC","BCMA","105-ANMU","Synthliboramphus antiquus","AnimaliaChordataAvesCharadriiformes55","Animalia","Chordata","Aves","Charadriiformes","55","Synthliboramphus","antiquus",NA,NA,NA,NA,"NorthAmericaCanadaBritishColumbia","North America",NA,NA,NA,"Canada","British Columbia",NA,"Prevost Passage",NA,NA,NA,NA,"48.6826","-123.352",NA,NA,"2008","11","18","15.45",NA,NA,NA,NA,NA,NA,NA,NA,NA,NA,NA,NA,NA,NA,NA,NA,NA,"BCCWS","Transect","BCMA","Seabirds","Bird Studies Canada, 2008","http://www.bsc-eoc.org/volunteer/bccws/index.jsp","21-495",NA,NA,"Variable",NA,NA,NA,"Waypoint","BCMA-105","SurveyID",NA,"15.45","15.65","0.2",NA,NA,NA,NA,NA,NA,NA,NA,NA,NA,NA,NA,NA,NA,NA,NA,NA,NA,NA,NA,NA,NA,NA,NA,NA,NA,NA,NA,NA,NA,NA,NA,NA,NA,NA,NA,NA,NA,NA,NA,NA,NA,NA,NA,NA,NA,NA,NA,NA,NA,NA,NA,"24","Total count",NA,"Port section","24","Central section",NA,"Board section",NA,"Rocks",NA,NA,NA,NA,NA,NA,"Yes","Yes",NA,NA,NA,NA,"Ancient Murrelet",NA,NA,NA,NA,NA,NA,NA,"AOU","7.48","2007","ANMU",NA,NA,NA,NA,NA,NA,2008,11
"31",968198039,"BCMA",1008,NA,3,5850,"BC","CA","2-59",48.605415,-123.325333,NA,NA,NA,"10TDU78",2008,12,2,11,NA,"URN:catalog:BSC-EOC:BCMA:109-ANMU-1740",NA,"Observation","BSC-EOC","BCMA","109-ANMU","Synthliboramphus antiquus","AnimaliaChordataAvesCharadriiformes55","Animalia","Chordata","Aves","Charadriiformes","55","Synthliboramphus","antiquus",NA,NA,NA,NA,"NorthAmericaCanadaBritishColumbia","North America",NA,NA,NA,"Canada","British Columbia",NA,"Sidney Channel",NA,NA,NA,NA,"48.6054","-123.325",NA,NA,"2008","12","11","10.5833",NA,NA,NA,NA,NA,NA,NA,NA,NA,NA,NA,NA,NA,NA,NA,NA,NA,"BCCWS","Transect","BCMA","Seabirds","Bird Studies Canada, 2008","http://www.bsc-eoc.org/volunteer/bccws/index.jsp","2-59",NA,NA,"Variable",NA,NA,NA,"Waypoint","BCMA-109","SurveyID",NA,"10.5833","10.85","0.266667",NA,NA,NA,NA,NA,NA,NA,NA,NA,NA,NA,NA,NA,NA,NA,NA,NA,NA,NA,NA,NA,NA,NA,NA,NA,NA,NA,NA,NA,NA,NA,NA,NA,NA,NA,NA,NA,NA,NA,NA,NA,NA,NA,NA,NA,NA,NA,NA,NA,NA,NA,NA,"2","Total count",NA,"Port section","2","Central section",NA,"Board section",NA,"Rocks",NA,NA,NA,NA,NA,NA,"Yes","Yes",NA,NA,NA,NA,"Ancient Murrelet",NA,NA,NA,NA,NA,NA,NA,"AOU","7.48","2007","ANMU",NA,NA,NA,NA,NA,NA,2008,12
"32",968198040,"BCMA",1008,NA,3,5850,"BC","CA","5-143",48.666599,-123.269119,NA,NA,NA,"10TDU89",2008,12,2,11,NA,"URN:catalog:BSC-EOC:BCMA:113-ANMU-1824",NA,"Observation","BSC-EOC","BCMA","113-ANMU","Synthliboramphus antiquus","AnimaliaChordataAvesCharadriiformes55","Animalia","Chordata","Aves","Charadriiformes","55","Synthliboramphus","antiquus",NA,NA,NA,NA,"NorthAmericaCanadaBritishColumbia","North America",NA,NA,NA,"Canada","British Columbia",NA,"Haro Strait North",NA,NA,NA,NA,"48.6666","-123.269",NA,NA,"2008","12","11","11.6667",NA,NA,NA,NA,NA,NA,NA,NA,NA,NA,NA,NA,NA,NA,NA,NA,NA,"BCCWS","Transect","BCMA","Seabirds","Bird Studies Canada, 2008","http://www.bsc-eoc.org/volunteer/bccws/index.jsp","5-143",NA,NA,"Variable",NA,NA,NA,"Waypoint","BCMA-113","SurveyID",NA,"11.6667","11.95","0.283333",NA,NA,NA,NA,NA,NA,NA,NA,NA,NA,NA,NA,NA,NA,NA,NA,NA,NA,NA,NA,NA,NA,NA,NA,NA,NA,NA,NA,NA,NA,NA,NA,NA,NA,NA,NA,NA,NA,NA,NA,NA,NA,NA,NA,NA,NA,NA,NA,NA,NA,NA,NA,"5","Total count",NA,"Port section",NA,"Central section","5","Board section",NA,"Rocks",NA,NA,NA,NA,NA,NA,"Yes","Yes",NA,NA,NA,NA,"Ancient Murrelet",NA,NA,NA,NA,NA,NA,NA,"AOU","7.48","2007","ANMU",NA,NA,NA,NA,NA,NA,2008,12
"33",968198041,"BCMA",1008,NA,3,5850,"BC","CA","5-145",48.670567,-123.272667,NA,NA,NA,"10TDU79",2008,12,2,11,NA,"URN:catalog:BSC-EOC:BCMA:113-ANMU-1826",NA,"Observation","BSC-EOC","BCMA","113-ANMU","Synthliboramphus antiquus","AnimaliaChordataAvesCharadriiformes55","Animalia","Chordata","Aves","Charadriiformes","55","Synthliboramphus","antiquus",NA,NA,NA,NA,"NorthAmericaCanadaBritishColumbia","North America",NA,NA,NA,"Canada","British Columbia",NA,"Haro Strait North",NA,NA,NA,NA,"48.6706","-123.273",NA,NA,"2008","12","11","11.6667",NA,NA,NA,NA,NA,NA,NA,NA,NA,NA,NA,NA,NA,NA,NA,NA,NA,"BCCWS","Transect","BCMA","Seabirds","Bird Studies Canada, 2008","http://www.bsc-eoc.org/volunteer/bccws/index.jsp","5-145",NA,NA,"Variable",NA,NA,NA,"Waypoint","BCMA-113","SurveyID",NA,"11.6667","11.95","0.283333",NA,NA,NA,NA,NA,NA,NA,NA,NA,NA,NA,NA,NA,NA,NA,NA,NA,NA,NA,NA,NA,NA,NA,NA,NA,NA,NA,NA,NA,NA,NA,NA,NA,NA,NA,NA,NA,NA,NA,NA,NA,NA,NA,NA,NA,NA,NA,NA,NA,NA,NA,NA,"4","Total count",NA,"Port section","4","Central section",NA,"Board section",NA,"Rocks",NA,NA,NA,NA,NA,NA,"Yes","Yes",NA,NA,NA,NA,"Ancient Murrelet",NA,NA,NA,NA,NA,NA,NA,"AOU","7.48","2007","ANMU",NA,NA,NA,NA,NA,NA,2008,12
"34",968198042,"BCMA",1008,NA,3,5850,"BC","CA","5-148",48.676449,-123.277649,NA,NA,NA,"10TDU79",2009,2,1,4,NA,"URN:catalog:BSC-EOC:BCMA:33-ANMU-554",NA,"Observation","BSC-EOC","BCMA","33-ANMU","Synthliboramphus antiquus","AnimaliaChordataAvesCharadriiformes55","Animalia","Chordata","Aves","Charadriiformes","55","Synthliboramphus","antiquus",NA,NA,NA,NA,"NorthAmericaCanadaBritishColumbia","North America",NA,NA,NA,"Canada","British Columbia",NA,"Haro Strait North",NA,NA,NA,NA,"48.6764","-123.278",NA,NA,"2009","2","4","11.3667",NA,NA,NA,NA,NA,NA,NA,NA,NA,NA,NA,NA,NA,NA,NA,NA,NA,"BCCWS","Transect","BCMA","Seabirds","Bird Studies Canada, 2008","http://www.bsc-eoc.org/volunteer/bccws/index.jsp","5-148",NA,NA,"Variable",NA,NA,NA,"Waypoint","BCMA-33","SurveyID",NA,"11.3667","11.8","0.433333",NA,NA,NA,NA,NA,NA,NA,NA,NA,NA,NA,NA,NA,NA,NA,NA,NA,NA,NA,NA,NA,NA,NA,NA,NA,NA,NA,NA,NA,NA,NA,NA,NA,NA,NA,NA,NA,NA,NA,NA,NA,NA,NA,NA,NA,NA,NA,NA,NA,NA,NA,NA,"2","Total count",NA,"Port section",NA,"Central section","2","Board section",NA,"Rocks",NA,NA,NA,NA,NA,NA,"Yes","Yes",NA,NA,NA,NA,"Ancient Murrelet",NA,NA,NA,NA,NA,NA,NA,"AOU","7.48","2007","ANMU",NA,NA,NA,NA,NA,NA,2009,2
"35",968198043,"BCMA",1008,NA,3,5850,"BC","CA","9-389",48.782368,-123.038437,NA,NA,NA,"10UDV90",2008,10,3,22,NA,"URN:catalog:BSC-EOC:BCMA:76-ANMU-1225",NA,"Observation","BSC-EOC","BCMA","76-ANMU","Synthliboramphus antiquus","AnimaliaChordataAvesCharadriiformes55","Animalia","Chordata","Aves","Charadriiformes","55","Synthliboramphus","antiquus",NA,NA,NA,NA,"NorthAmericaCanadaBritishColumbia","North America",NA,NA,NA,"Canada","British Columbia",NA,"Boiling Reef",NA,NA,NA,NA,"48.7824","-123.038",NA,NA,"2008","10","22","15.1833",NA,NA,NA,NA,NA,NA,NA,NA,NA,NA,NA,NA,NA,NA,NA,NA,NA,"BCCWS","Transect","BCMA","Seabirds","Bird Studies Canada, 2008","http://www.bsc-eoc.org/volunteer/bccws/index.jsp","9-389",NA,NA,"Variable",NA,NA,NA,"Waypoint","BCMA-76","SurveyID",NA,"15.1833","15.3333","0.15",NA,NA,NA,NA,NA,NA,NA,NA,NA,NA,NA,NA,NA,NA,NA,NA,NA,NA,NA,NA,NA,NA,NA,NA,NA,NA,NA,NA,NA,NA,NA,NA,NA,NA,NA,NA,NA,NA,NA,NA,NA,NA,NA,NA,NA,NA,NA,NA,NA,NA,NA,NA,"2","Total count","2","Port section",NA,"Central section",NA,"Board section",NA,"Rocks",NA,NA,NA,NA,NA,NA,"Yes","Yes",NA,NA,NA,NA,"Ancient Murrelet",NA,NA,NA,NA,NA,NA,NA,"AOU","7.48","2007","ANMU",NA,NA,NA,NA,NA,NA,2008,10
"36",968198044,"BCMA",1008,NA,3,3020,"BC","CA","15-286",48.854935,-123.307518,NA,NA,NA,"10UDV71",2008,10,4,28,NA,"URN:catalog:BSC-EOC:BCMA:70-BAEA-1158",NA,"Observation","BSC-EOC","BCMA","70-BAEA","Haliaeetus leucocephalus","AnimaliaChordataAvesAccipitriformes80","Animalia","Chordata","Aves","Accipitriformes","80","Haliaeetus","leucocephalus",NA,NA,NA,NA,"NorthAmericaCanadaBritishColumbia","North America",NA,NA,NA,"Canada","British Columbia",NA,"Miner's Bay - central Active Pass",NA,NA,NA,NA,"48.8549","-123.308",NA,NA,"2008","10","28","13.7667",NA,NA,NA,NA,NA,NA,NA,NA,NA,NA,NA,NA,NA,NA,NA,NA,NA,"BCCWS","Transect","BCMA","Seabirds","Bird Studies Canada, 2008","http://www.bsc-eoc.org/volunteer/bccws/index.jsp","15-286",NA,NA,"Variable",NA,NA,NA,"Waypoint","BCMA-70","SurveyID",NA,"13.7667","13.85","0.0833333",NA,NA,NA,NA,NA,NA,NA,NA,NA,NA,NA,NA,NA,NA,NA,NA,NA,NA,NA,NA,NA,NA,NA,NA,NA,NA,NA,NA,NA,NA,NA,NA,NA,NA,NA,NA,NA,NA,NA,NA,NA,NA,NA,NA,NA,NA,NA,NA,NA,NA,NA,NA,"1","Total count","1","Port section",NA,"Central section",NA,"Board section",NA,"Rocks",NA,NA,NA,NA,NA,NA,"Yes","Yes",NA,NA,NA,NA,"Bald Eagle",NA,NA,NA,NA,NA,NA,NA,"AOU","7.48","2007","BAEA",NA,NA,NA,NA,NA,NA,2008,10
"37",968198045,"BCMA",1008,NA,3,3020,"BC","CA","21-169",48.695251,-123.329231,NA,NA,NA,"10TDU79",2008,10,4,28,NA,"URN:catalog:BSC-EOC:BCMA:65-BAEA-1105",NA,"Observation","BSC-EOC","BCMA","65-BAEA","Haliaeetus leucocephalus","AnimaliaChordataAvesAccipitriformes80","Animalia","Chordata","Aves","Accipitriformes","80","Haliaeetus","leucocephalus",NA,NA,NA,NA,"NorthAmericaCanadaBritishColumbia","North America",NA,NA,NA,"Canada","British Columbia",NA,"Prevost Passage",NA,NA,NA,NA,"48.6953","-123.329",NA,NA,"2008","10","28","11.9333",NA,NA,NA,NA,NA,NA,NA,NA,NA,NA,NA,NA,NA,NA,NA,NA,NA,"BCCWS","Transect","BCMA","Seabirds","Bird Studies Canada, 2008","http://www.bsc-eoc.org/volunteer/bccws/index.jsp","21-169",NA,NA,"Variable",NA,NA,NA,"Waypoint","BCMA-65","SurveyID",NA,"11.9333","12.5167","0.583333",NA,NA,NA,NA,NA,NA,NA,NA,NA,NA,NA,NA,NA,NA,NA,NA,NA,NA,NA,NA,NA,NA,NA,NA,NA,NA,NA,NA,NA,NA,NA,NA,NA,NA,NA,NA,NA,NA,NA,NA,NA,NA,NA,NA,NA,NA,NA,NA,NA,NA,NA,NA,"2","Total count","1","Port section",NA,"Central section",NA,"Board section","1","Rocks",NA,NA,NA,NA,NA,NA,"Yes","Yes",NA,NA,NA,NA,"Bald Eagle",NA,NA,NA,NA,NA,NA,NA,"AOU","7.48","2007","BAEA",NA,NA,NA,NA,NA,NA,2008,10
"38",968198046,"BCMA",1008,NA,3,3020,"BC","CA","16-271",48.856033,-123.352264,NA,NA,NA,"10UDV71",2009,2,1,4,NA,"URN:catalog:BSC-EOC:BCMA:38-BAEA-726",NA,"Observation","BSC-EOC","BCMA","38-BAEA","Haliaeetus leucocephalus","AnimaliaChordataAvesAccipitriformes80","Animalia","Chordata","Aves","Accipitriformes","80","Haliaeetus","leucocephalus",NA,NA,NA,NA,"NorthAmericaCanadaBritishColumbia","North America",NA,NA,NA,"Canada","British Columbia",NA,"Georgeson Bay - Active Pass west entrance",NA,NA,NA,NA,"48.856","-123.352",NA,NA,"2009","2","4","13.9",NA,NA,NA,NA,NA,NA,NA,NA,NA,NA,NA,NA,NA,NA,NA,NA,NA,"BCCWS","Transect","BCMA","Seabirds","Bird Studies Canada, 2008","http://www.bsc-eoc.org/volunteer/bccws/index.jsp","16-271",NA,NA,"Variable",NA,NA,NA,"Waypoint","BCMA-38","SurveyID",NA,"13.9","14.1","0.2",NA,NA,NA,NA,NA,NA,NA,NA,NA,NA,NA,NA,NA,NA,NA,NA,NA,NA,NA,NA,NA,NA,NA,NA,NA,NA,NA,NA,NA,NA,NA,NA,NA,NA,NA,NA,NA,NA,NA,NA,NA,NA,NA,NA,NA,NA,NA,NA,NA,NA,NA,NA,"1","Total count",NA,"Port section",NA,"Central section","1","Board section",NA,"Rocks",NA,NA,NA,NA,NA,NA,"Yes","Yes",NA,NA,NA,NA,"Bald Eagle",NA,NA,NA,NA,NA,NA,NA,"AOU","7.48","2007","BAEA",NA,NA,NA,NA,NA,NA,2009,2
"39",968198047,"BCMA",1008,NA,3,3020,"BC","CA","23-363",48.816002,-123.099869,NA,NA,NA,"10UDV90",2009,2,1,4,NA,"URN:catalog:BSC-EOC:BCMA:44-BAEA-778",NA,"Observation","BSC-EOC","BCMA","44-BAEA","Haliaeetus leucocephalus","AnimaliaChordataAvesAccipitriformes80","Animalia","Chordata","Aves","Accipitriformes","80","Haliaeetus","leucocephalus",NA,NA,NA,NA,"NorthAmericaCanadaBritishColumbia","North America",NA,NA,NA,"Canada","British Columbia",NA,"Tumbo",NA,NA,NA,NA,"48.816","-123.1",NA,NA,"2009","2","4","14.8",NA,NA,NA,NA,NA,NA,NA,NA,NA,NA,NA,NA,NA,NA,NA,NA,NA,"BCCWS","Transect","BCMA","Seabirds","Bird Studies Canada, 2008","http://www.bsc-eoc.org/volunteer/bccws/index.jsp","23-363",NA,NA,"Variable",NA,NA,NA,"Waypoint","BCMA-44","SurveyID",NA,"14.8","15","0.2",NA,NA,NA,NA,NA,NA,NA,NA,NA,NA,NA,NA,NA,NA,NA,NA,NA,NA,NA,NA,NA,NA,NA,NA,NA,NA,NA,NA,NA,NA,NA,NA,NA,NA,NA,NA,NA,NA,NA,NA,NA,NA,NA,NA,NA,NA,NA,NA,NA,NA,NA,NA,"2","Total count",NA,"Port section",NA,"Central section","1","Board section","1","Rocks",NA,NA,NA,NA,NA,NA,"Yes","Yes",NA,NA,NA,NA,"Bald Eagle",NA,NA,NA,NA,NA,NA,NA,"AOU","7.48","2007","BAEA",NA,NA,NA,NA,NA,NA,2009,2
"40",968198048,"BCMA",1008,NA,3,3020,"BC","CA","8-416",48.758133,-123.117699,NA,NA,NA,"10UDV90",2009,2,1,4,NA,"URN:catalog:BSC-EOC:BCMA:46-BAEA-802",NA,"Observation","BSC-EOC","BCMA","46-BAEA","Haliaeetus leucocephalus","AnimaliaChordataAvesAccipitriformes80","Animalia","Chordata","Aves","Accipitriformes","80","Haliaeetus","leucocephalus",NA,NA,NA,NA,"NorthAmericaCanadaBritishColumbia","North America",NA,NA,NA,"Canada","British Columbia",NA,"Boundary Pass (South Pender - East Point)",NA,NA,NA,NA,"48.7581","-123.118",NA,NA,"2009","2","4","15.1667",NA,NA,NA,NA,NA,NA,NA,NA,NA,NA,NA,NA,NA,NA,NA,NA,NA,"BCCWS","Transect","BCMA","Seabirds","Bird Studies Canada, 2008","http://www.bsc-eoc.org/volunteer/bccws/index.jsp","8-416",NA,NA,"Variable",NA,NA,NA,"Waypoint","BCMA-46","SurveyID",NA,"15.1667","15.6667","0.5",NA,NA,NA,NA,NA,NA,NA,NA,NA,NA,NA,NA,NA,NA,NA,NA,NA,NA,NA,NA,NA,NA,NA,NA,NA,NA,NA,NA,NA,NA,NA,NA,NA,NA,NA,NA,NA,NA,NA,NA,NA,NA,NA,NA,NA,NA,NA,NA,NA,NA,NA,NA,"6","Total count",NA,"Port section",NA,"Central section","3","Board section","3","Rocks",NA,NA,NA,NA,NA,NA,"Yes","Yes",NA,NA,NA,NA,"Bald Eagle",NA,NA,NA,NA,NA,NA,NA,"AOU","7.48","2007","BAEA",NA,NA,NA,NA,NA,NA,2009,2
"41",968198049,"BCMA",1008,NA,3,3020,"BC","CA","3-76",48.577366,-123.289467,NA,NA,NA,"10TDU78",2008,10,3,22,NA,"URN:catalog:BSC-EOC:BCMA:52-BAEA-885",NA,"Observation","BSC-EOC","BCMA","52-BAEA","Haliaeetus leucocephalus","AnimaliaChordataAvesAccipitriformes80","Animalia","Chordata","Aves","Accipitriformes","80","Haliaeetus","leucocephalus",NA,NA,NA,NA,"NorthAmericaCanadaBritishColumbia","North America",NA,NA,NA,"Canada","British Columbia",NA,"Hughes Passage - D'Arcy Islands",NA,NA,NA,NA,"48.5774","-123.289",NA,NA,"2008","10","22","10.05",NA,NA,NA,NA,NA,NA,NA,NA,NA,NA,NA,NA,NA,NA,NA,NA,NA,"BCCWS","Transect","BCMA","Seabirds","Bird Studies Canada, 2008","http://www.bsc-eoc.org/volunteer/bccws/index.jsp","3-76",NA,NA,"Variable",NA,NA,NA,"Waypoint","BCMA-52","SurveyID",NA,"10.05","10.2667","0.216667",NA,NA,NA,NA,NA,NA,NA,NA,NA,NA,NA,NA,NA,NA,NA,NA,NA,NA,NA,NA,NA,NA,NA,NA,NA,NA,NA,NA,NA,NA,NA,NA,NA,NA,NA,NA,NA,NA,NA,NA,NA,NA,NA,NA,NA,NA,NA,NA,NA,NA,NA,NA,"1","Total count","1","Port section",NA,"Central section",NA,"Board section",NA,"Rocks",NA,NA,NA,NA,NA,NA,"Yes","Yes",NA,NA,NA,NA,"Bald Eagle",NA,NA,NA,NA,NA,NA,NA,"AOU","7.48","2007","BAEA",NA,NA,NA,NA,NA,NA,2008,10
"42",968198050,"BCMA",1008,NA,3,3020,"BC","CA","3-85",48.567749,-123.270287,NA,NA,NA,"10TDU87",2009,2,1,4,NA,"URN:catalog:BSC-EOC:BCMA:30-BAEA-464",NA,"Observation","BSC-EOC","BCMA","30-BAEA","Haliaeetus leucocephalus","AnimaliaChordataAvesAccipitriformes80","Animalia","Chordata","Aves","Accipitriformes","80","Haliaeetus","leucocephalus",NA,NA,NA,NA,"NorthAmericaCanadaBritishColumbia","North America",NA,NA,NA,"Canada","British Columbia",NA,"Hughes Passage - D'Arcy Islands",NA,NA,NA,NA,"48.5677","-123.27",NA,NA,"2009","2","4","10.65",NA,NA,NA,NA,NA,NA,NA,NA,NA,NA,NA,NA,NA,NA,NA,NA,NA,"BCCWS","Transect","BCMA","Seabirds","Bird Studies Canada, 2008","http://www.bsc-eoc.org/volunteer/bccws/index.jsp","3-85",NA,NA,"Variable",NA,NA,NA,"Waypoint","BCMA-30","SurveyID",NA,"10.65","10.9167","0.266667",NA,NA,NA,NA,NA,NA,NA,NA,NA,NA,NA,NA,NA,NA,NA,NA,NA,NA,NA,NA,NA,NA,NA,NA,NA,NA,NA,NA,NA,NA,NA,NA,NA,NA,NA,NA,NA,NA,NA,NA,NA,NA,NA,NA,NA,NA,NA,NA,NA,NA,NA,NA,"1","Total count",NA,"Port section","1","Central section",NA,"Board section",NA,"Rocks",NA,NA,NA,NA,NA,NA,"Yes","Yes",NA,NA,NA,NA,"Bald Eagle",NA,NA,NA,NA,NA,NA,NA,"AOU","7.48","2007","BAEA",NA,NA,NA,NA,NA,NA,2009,2
"43",968198051,"BCMA",1008,NA,3,3020,"BC","CA","3-86",48.565735,-123.268967,NA,NA,NA,"10TDU87",2009,2,1,4,NA,"URN:catalog:BSC-EOC:BCMA:30-BAEA-469",NA,"Observation","BSC-EOC","BCMA","30-BAEA","Haliaeetus leucocephalus","AnimaliaChordataAvesAccipitriformes80","Animalia","Chordata","Aves","Accipitriformes","80","Haliaeetus","leucocephalus",NA,NA,NA,NA,"NorthAmericaCanadaBritishColumbia","North America",NA,NA,NA,"Canada","British Columbia",NA,"Hughes Passage - D'Arcy Islands",NA,NA,NA,NA,"48.5657","-123.269",NA,NA,"2009","2","4","10.65",NA,NA,NA,NA,NA,NA,NA,NA,NA,NA,NA,NA,NA,NA,NA,NA,NA,"BCCWS","Transect","BCMA","Seabirds","Bird Studies Canada, 2008","http://www.bsc-eoc.org/volunteer/bccws/index.jsp","3-86",NA,NA,"Variable",NA,NA,NA,"Waypoint","BCMA-30","SurveyID",NA,"10.65","10.9167","0.266667",NA,NA,NA,NA,NA,NA,NA,NA,NA,NA,NA,NA,NA,NA,NA,NA,NA,NA,NA,NA,NA,NA,NA,NA,NA,NA,NA,NA,NA,NA,NA,NA,NA,NA,NA,NA,NA,NA,NA,NA,NA,NA,NA,NA,NA,NA,NA,NA,NA,NA,NA,NA,"2","Total count",NA,"Port section",NA,"Central section","1","Board section","1","Rocks",NA,NA,NA,NA,NA,NA,"Yes","Yes",NA,NA,NA,NA,"Bald Eagle",NA,NA,NA,NA,NA,NA,NA,"AOU","7.48","2007","BAEA",NA,NA,NA,NA,NA,NA,2009,2
"44",968198052,"BCMA",1008,NA,3,3020,"BC","CA","22-11",48.686199,-123.396416,NA,NA,NA,"10TDU79",2009,2,1,4,NA,"URN:catalog:BSC-EOC:BCMA:27-BAEA-326",NA,"Observation","BSC-EOC","BCMA","27-BAEA","Haliaeetus leucocephalus","AnimaliaChordataAvesAccipitriformes80","Animalia","Chordata","Aves","Accipitriformes","80","Haliaeetus","leucocephalus",NA,NA,NA,NA,"NorthAmericaCanadaBritishColumbia","North America",NA,NA,NA,"Canada","British Columbia",NA,"Goudge - Coal - Dock Islands",NA,NA,NA,NA,"48.6862","-123.396",NA,NA,"2009","2","4","9.7",NA,NA,NA,NA,NA,NA,NA,NA,NA,NA,NA,NA,NA,NA,NA,NA,NA,"BCCWS","Transect","BCMA","Seabirds","Bird Studies Canada, 2008","http://www.bsc-eoc.org/volunteer/bccws/index.jsp","22-11",NA,NA,"Variable",NA,NA,NA,"Waypoint","BCMA-27","SurveyID",NA,"9.7","10.0833","0.383333",NA,NA,NA,NA,NA,NA,NA,NA,NA,NA,NA,NA,NA,NA,NA,NA,NA,NA,NA,NA,NA,NA,NA,NA,NA,NA,NA,NA,NA,NA,NA,NA,NA,NA,NA,NA,NA,NA,NA,NA,NA,NA,NA,NA,NA,NA,NA,NA,NA,NA,NA,NA,"2","Total count",NA,"Port section",NA,"Central section","1","Board section","1","Rocks",NA,NA,NA,NA,NA,NA,"Yes","Yes",NA,NA,NA,NA,"Bald Eagle",NA,NA,NA,NA,NA,NA,NA,"AOU","7.48","2007","BAEA",NA,NA,NA,NA,NA,NA,2009,2
"45",968198053,"BCMA",1008,NA,3,3020,"BC","CA","22-26",48.672699,-123.367249,NA,NA,NA,"10TDU79",2009,2,1,4,NA,"URN:catalog:BSC-EOC:BCMA:27-BAEA-359",NA,"Observation","BSC-EOC","BCMA","27-BAEA","Haliaeetus leucocephalus","AnimaliaChordataAvesAccipitriformes80","Animalia","Chordata","Aves","Accipitriformes","80","Haliaeetus","leucocephalus",NA,NA,NA,NA,"NorthAmericaCanadaBritishColumbia","North America",NA,NA,NA,"Canada","British Columbia",NA,"Goudge - Coal - Dock Islands",NA,NA,NA,NA,"48.6727","-123.367",NA,NA,"2009","2","4","9.7",NA,NA,NA,NA,NA,NA,NA,NA,NA,NA,NA,NA,NA,NA,NA,NA,NA,"BCCWS","Transect","BCMA","Seabirds","Bird Studies Canada, 2008","http://www.bsc-eoc.org/volunteer/bccws/index.jsp","22-26",NA,NA,"Variable",NA,NA,NA,"Waypoint","BCMA-27","SurveyID",NA,"9.7","10.0833","0.383333",NA,NA,NA,NA,NA,NA,NA,NA,NA,NA,NA,NA,NA,NA,NA,NA,NA,NA,NA,NA,NA,NA,NA,NA,NA,NA,NA,NA,NA,NA,NA,NA,NA,NA,NA,NA,NA,NA,NA,NA,NA,NA,NA,NA,NA,NA,NA,NA,NA,NA,NA,NA,"2","Total count",NA,"Port section",NA,"Central section","1","Board section","1","Rocks",NA,NA,NA,NA,NA,NA,"Yes","Yes",NA,NA,NA,NA,"Bald Eagle",NA,NA,NA,NA,NA,NA,NA,"AOU","7.48","2007","BAEA",NA,NA,NA,NA,NA,NA,2009,2
"46",968198054,"BCMA",1008,NA,3,3020,"BC","CA","1-45",48.632301,-123.348366,NA,NA,NA,"10TDU78",2009,2,1,4,NA,"URN:catalog:BSC-EOC:BCMA:28-BAEA-401",NA,"Observation","BSC-EOC","BCMA","28-BAEA","Haliaeetus leucocephalus","AnimaliaChordataAvesAccipitriformes80","Animalia","Chordata","Aves","Accipitriformes","80","Haliaeetus","leucocephalus",NA,NA,NA,NA,"NorthAmericaCanadaBritishColumbia","North America",NA,NA,NA,"Canada","British Columbia",NA,"Dock Islands - Sidney Spit",NA,NA,NA,NA,"48.6323","-123.348",NA,NA,"2009","2","4","10.0833",NA,NA,NA,NA,NA,NA,NA,NA,NA,NA,NA,NA,NA,NA,NA,NA,NA,"BCCWS","Transect","BCMA","Seabirds","Bird Studies Canada, 2008","http://www.bsc-eoc.org/volunteer/bccws/index.jsp","1-45",NA,NA,"Variable",NA,NA,NA,"Waypoint","BCMA-28","SurveyID",NA,"10.0833","10.3833","0.3",NA,NA,NA,NA,NA,NA,NA,NA,NA,NA,NA,NA,NA,NA,NA,NA,NA,NA,NA,NA,NA,NA,NA,NA,NA,NA,NA,NA,NA,NA,NA,NA,NA,NA,NA,NA,NA,NA,NA,NA,NA,NA,NA,NA,NA,NA,NA,NA,NA,NA,NA,NA,"4","Total count","2","Port section",NA,"Central section",NA,"Board section","2","Rocks",NA,NA,NA,NA,NA,NA,"Yes","Yes",NA,NA,NA,NA,"Bald Eagle",NA,NA,NA,NA,NA,NA,NA,"AOU","7.48","2007","BAEA",NA,NA,NA,NA,NA,NA,2009,2
"47",968198055,"BCMA",1008,NA,3,3020,"BC","CA","3-80",48.576565,-123.276253,NA,NA,NA,"10TDU78",2009,2,1,4,NA,"URN:catalog:BSC-EOC:BCMA:30-BAEA-451",NA,"Observation","BSC-EOC","BCMA","30-BAEA","Haliaeetus leucocephalus","AnimaliaChordataAvesAccipitriformes80","Animalia","Chordata","Aves","Accipitriformes","80","Haliaeetus","leucocephalus",NA,NA,NA,NA,"NorthAmericaCanadaBritishColumbia","North America",NA,NA,NA,"Canada","British Columbia",NA,"Hughes Passage - D'Arcy Islands",NA,NA,NA,NA,"48.5766","-123.276",NA,NA,"2009","2","4","10.65",NA,NA,NA,NA,NA,NA,NA,NA,NA,NA,NA,NA,NA,NA,NA,NA,NA,"BCCWS","Transect","BCMA","Seabirds","Bird Studies Canada, 2008","http://www.bsc-eoc.org/volunteer/bccws/index.jsp","3-80",NA,NA,"Variable",NA,NA,NA,"Waypoint","BCMA-30","SurveyID",NA,"10.65","10.9167","0.266667",NA,NA,NA,NA,NA,NA,NA,NA,NA,NA,NA,NA,NA,NA,NA,NA,NA,NA,NA,NA,NA,NA,NA,NA,NA,NA,NA,NA,NA,NA,NA,NA,NA,NA,NA,NA,NA,NA,NA,NA,NA,NA,NA,NA,NA,NA,NA,NA,NA,NA,NA,NA,"2","Total count",NA,"Port section",NA,"Central section","1","Board section","1","Rocks",NA,NA,NA,NA,NA,NA,"Yes","Yes",NA,NA,NA,NA,"Bald Eagle",NA,NA,NA,NA,NA,NA,NA,"AOU","7.48","2007","BAEA",NA,NA,NA,NA,NA,NA,2009,2
"48",968198056,"BCMA",1008,NA,3,3020,"BC","CA","12-330",48.836418,-123.2052,NA,NA,NA,"10UDV80",2009,2,4,27,NA,"URN:catalog:BSC-EOC:BCMA:20-BAEA-254",NA,"Observation","BSC-EOC","BCMA","20-BAEA","Haliaeetus leucocephalus","AnimaliaChordataAvesAccipitriformes80","Animalia","Chordata","Aves","Accipitriformes","80","Haliaeetus","leucocephalus",NA,NA,NA,NA,"NorthAmericaCanadaBritishColumbia","North America",NA,NA,NA,"Canada","British Columbia",NA,"Belle Chain Islets",NA,NA,NA,NA,"48.8364","-123.205",NA,NA,"2009","2","27","14.5667",NA,NA,NA,NA,NA,NA,NA,NA,NA,NA,NA,NA,NA,NA,NA,NA,NA,"BCCWS","Transect","BCMA","Seabirds","Bird Studies Canada, 2008","http://www.bsc-eoc.org/volunteer/bccws/index.jsp","12-330",NA,NA,"Variable",NA,NA,NA,"Waypoint","BCMA-20","SurveyID",NA,"14.5667","14.9","0.333333",NA,NA,NA,NA,NA,NA,NA,NA,NA,NA,NA,NA,NA,NA,NA,NA,NA,NA,NA,NA,NA,NA,NA,NA,NA,NA,NA,NA,NA,NA,NA,NA,NA,NA,NA,NA,NA,NA,NA,NA,NA,NA,NA,NA,NA,NA,NA,NA,NA,NA,NA,NA,"2","Total count",NA,"Port section",NA,"Central section","1","Board section","1","Rocks",NA,NA,NA,NA,NA,NA,"Yes","Yes",NA,NA,NA,NA,"Bald Eagle",NA,NA,NA,NA,NA,NA,NA,"AOU","7.48","2007","BAEA",NA,NA,NA,NA,NA,NA,2009,2
"49",968198057,"BCMA",1008,NA,3,3020,"BC","CA","19-218",48.799534,-123.377914,NA,NA,NA,"10UDV70",2009,2,4,27,NA,"URN:catalog:BSC-EOC:BCMA:13-BAEA-205",NA,"Observation","BSC-EOC","BCMA","13-BAEA","Haliaeetus leucocephalus","AnimaliaChordataAvesAccipitriformes80","Animalia","Chordata","Aves","Accipitriformes","80","Haliaeetus","leucocephalus",NA,NA,NA,NA,"NorthAmericaCanadaBritishColumbia","North America",NA,NA,NA,"Canada","British Columbia",NA,"Swanson Channel West - Channel Islets",NA,NA,NA,NA,"48.7995","-123.378",NA,NA,"2009","2","27","12.9333",NA,NA,NA,NA,NA,NA,NA,NA,NA,NA,NA,NA,NA,NA,NA,NA,NA,"BCCWS","Transect","BCMA","Seabirds","Bird Studies Canada, 2008","http://www.bsc-eoc.org/volunteer/bccws/index.jsp","19-218",NA,NA,"Variable",NA,NA,NA,"Waypoint","BCMA-13","SurveyID",NA,"12.9333","13.3","0.366667",NA,NA,NA,NA,NA,NA,NA,NA,NA,NA,NA,NA,NA,NA,NA,NA,NA,NA,NA,NA,NA,NA,NA,NA,NA,NA,NA,NA,NA,NA,NA,NA,NA,NA,NA,NA,NA,NA,NA,NA,NA,NA,NA,NA,NA,NA,NA,NA,NA,NA,NA,NA,"2","Total count","1","Port section",NA,"Central section",NA,"Board section","1","Rocks",NA,NA,NA,NA,NA,NA,"Yes","Yes",NA,NA,NA,NA,"Bald Eagle",NA,NA,NA,NA,NA,NA,NA,"AOU","7.48","2007","BAEA",NA,NA,NA,NA,NA,NA,2009,2
"50",968198058,"BCMA",1008,NA,3,3020,"BC","CA","18-245",48.847168,-123.409218,NA,NA,NA,"10UDV61",2009,2,4,27,NA,"URN:catalog:BSC-EOC:BCMA:14-BAEA-217",NA,"Observation","BSC-EOC","BCMA","14-BAEA","Haliaeetus leucocephalus","AnimaliaChordataAvesAccipitriformes80","Animalia","Chordata","Aves","Accipitriformes","80","Haliaeetus","leucocephalus",NA,NA,NA,NA,"NorthAmericaCanadaBritishColumbia","North America",NA,NA,NA,"Canada","British Columbia",NA,"Captain Passage",NA,NA,NA,NA,"48.8472","-123.409",NA,NA,"2009","2","27","13.3",NA,NA,NA,NA,NA,NA,NA,NA,NA,NA,NA,NA,NA,NA,NA,NA,NA,"BCCWS","Transect","BCMA","Seabirds","Bird Studies Canada, 2008","http://www.bsc-eoc.org/volunteer/bccws/index.jsp","18-245",NA,NA,"Variable",NA,NA,NA,"Waypoint","BCMA-14","SurveyID",NA,"13.3","13.85","0.55",NA,NA,NA,NA,NA,NA,NA,NA,NA,NA,NA,NA,NA,NA,NA,NA,NA,NA,NA,NA,NA,NA,NA,NA,NA,NA,NA,NA,NA,NA,NA,NA,NA,NA,NA,NA,NA,NA,NA,NA,NA,NA,NA,NA,NA,NA,NA,NA,NA,NA,NA,NA,"4","Total count",NA,"Port section",NA,"Central section","2","Board section","2","Rocks",NA,NA,NA,NA,NA,NA,"Yes","Yes",NA,NA,NA,NA,"Bald Eagle",NA,NA,NA,NA,NA,NA,NA,"AOU","7.48","2007","BAEA",NA,NA,NA,NA,NA,NA,2009,2
